text,label
可能就是一直累或者是娱乐类的比较多这个一直累节目可能就是我觉得像这个Discography这类节目能够丰富之使娱乐类的话主要还是就是我觉得肯定是的时候应该就是属于比较放松的状态然后娱乐类节目可能会有任何独装所以就会这样做,1
想去爱好其实挺多的这个就是提云动啊然后科技啊数码啊嗯嗯然后就是什么漫画啊动画啊小说啊都挺多的,1
感覺好像最近也沒一個高興就是跟高興就是前兩天自己做一個測試然後結果就說那個未來可能會比較好所以就可能這是挺高興的,1
我一直挺想去那个思海的因为那个思海不是说就会在几年之内干枯可能就再见不到了所以想去看一看然后计划的话其实我觉得旅行如果全部都计划好了好像就失去了旅行的意义所以我一直想的就是可能有几个关系遇到好的朋友只要是愿意去的然后我们就可以九那种计划如果说可以的话我会选择可能就自己搭车去或者是什么的,1
这个反正看就好像从来他在最近这个礼物可能是就是那只初三毕业之后然后大家就写那个类似于写一段换一段换一种感觉然后给你一个小本子那种那个可能是最好的吧然后当时反正就是觉得可能有情这个东西就是从小建立起来的这种有情兴趣可能一辈子都不会消失,1
应该就是一考虑的事件吧去参加考试然后考试完了之后考官们都对了你笑的那种感觉,1
情绪不是特别好就不想上学然后不想见人也不想说话,1
身体应该没有什么问题吧嗯 就是特别失税就睡不醒 然后感觉特别批发,1
"一般吧,不能说特别好,也不能说特别坏现在可能还没有找到一种特别好的方法但是我觉得应该是多方面的那种可能跟同理人在一起会比较好沟通",1
朋友就随便那个就叫马翔然后性格属于那种比较活潑开朗的然后爱好他会应该就是科技累的吧,1
就是大学不可能目标就是希望在明年可以拿到一些名词然后后年有出现实际的机会然后大后年就那个选择考验或者是工作,1
以前可能挺开朗的但是对于有些事情比较认真就是有点强迫症就是必须要做到那种特别细事特别完美要不然就那个就不是那种特别舒服就有那种完美主义的感觉平常你强的性格我觉得还挺开朗的现在就说不来的我也不知道具体是什么品贱,1
一切分歧的话就是有的时候可能会希望他听我的但是更多还是应该会选择正确的意见吧,1
"说不着急,一万就看小说,然后看内野再就是想一下这番鸡八糟的事情,这个也说不太清楚",1
感受就是不舒服但可能以前会选择对抗现在可能会选择沉默就是不跟他们直接说话,1
"那高考完的时候,那段时间可能体重的学研究或是什么的在高考之前提前就没有检查出来后来那个提前的就现实出来没有点偏高结果就可能上学的时候就出了点问题最后就是家里人可能又就是求前面什么呀最后再到身上大学但是就是这方面我自己觉得我本身可能没有什么问题但是好多天然就一直在迟早就是说你主要没偏高就自己的问题然后我今天在说这种人就令心情不是特别好",1
"具体什么情况,我也不知道,但是绝望的话,应该是先排解,可能会找一些方法来尽量自己就不去想这些事情",1
自殺其實我覺得自殺是個挺愚蠢的行為但是就好像某些時候你只可能只有選擇自殺或者是什麼才能引起別人的注意如果個人還是挺反對自殺但是也有這種念頭可能我前面說提到就是一個完美注意所以我覺得好像最那種平白無故的自殺好像還沒有時間人生的假扯就做還是不再講這種事情,1
北风和太阳有一次北风和太阳正在争论谁比较有本事他们正好看到有个穿着大衣的人走过他们就说谁可以上那个人拖到那简大衣就算谁比较有本事于是北风开始拼运的吹怎知他吹得越厉害那个人就越是用大衣包紧自己最后北风没办法就放弃了接着太阳出来晒了一会儿那个人感觉变得很热立刻把大衣拖掉了于是北风只好认输了,1
不凡宝贝自在众奖吉好灰红高手美好优胜团员,1
正中中央因为总之个集中间中部中间各国各项,1
死心喪气不信抓狂好哭暴撒种创意欲鞋饿因饿,1
欢唱绝家狂喜弥恋库暗中情贺喜精英超爽甜蜜,1
"债子,霍物,山债,罪早,宗教,树音,容主,商品,提字,談起。",1
"心碎,强奸,怨恨,左劍,苦痛,七残,绝望,优仇,痛恨崩潰。",1
这个人音这是在笑他可能是碰到了开心的事情或者是高兴的事情然后就展现出了笑容,1
我觉得这个人应该没有什么表情吧他也不像哭也不像笑可能是吃面的湿我应该对他不是特别感兴趣他才出现这样的原因应该是没有表情的表情吧,1
这个应该是这种痛苦的表情嘛他可能遇到了让他悲伤的事情或者是身体有什么问题所以会出现这种表情,1
这个情境就是一个男人躺在床上睡觉然后女人在门口眼面哭泣想可能是男子出现了什么问题然后女人感到很悲伤但是他没有办法去解决这个问题所以他在趁男子睡觉的时候他在门口眼面哭泣途中女人我想他应该在想现在有什么办法去解决男人碰到的问题解决我觉得应该是这种问题应该被解决了就是男人遇到的问题解决然后他们两个还是关系比较容恰,1
"看一些新闻类的,发之类的这些,发之类的,跟自己的存在的质业有关系吧,这就是搞这个公子的领域,这一块可能就是",1
"心情,心情比较少然后,像之前也就是看看电视啊",1
一件高興的是就是小孩參加這個電視節目,1
"帶著小孩去,帶著家人帶著小孩去去到外面去到理由,包括回家,包括到理由,今天你專業在這,放鬆放鬆",1
最好的礼物就是假身玩人的想不起来的一生,1
最美好的回忆就是带着一家人到哈堂上下面哈堂上去去理由独角然后玩的沙子玩的沙子拍到的哈朗这一款,1
情绪不好有一点一两对生活还是有影响,1
心状况可以吧一般吧那些就是工作要力大睡眠不好焦虑这种情况,1
相做好的买相做好的就是给家里相做好的要多一番脉心但是我这边就是脉心现在可能比较切少有些对小哈,1
朋友不要少朋友不要少哎就不介绍了吧,1
我就是小孩工作上这个就是经常工作的自己想上去的家里面这一块小孩就是小孩家里面就是喝喝沐沐的小孩就是上学把学上好看好这一块,1
有点麻就是比较认真比较情绪比较科学7点麻就是太认真韩识科认真太认真又是就是一个礼这个这个这个Blood观有些点观对生对,1
我会跟他解释我会记得你真是设置我的观点设置我的观点我的理由如果他还是不接受我们还可以先各一个然后我们再三两再说,1
"一般想工作段的事情,生活上的事情是在等的,也像,也走一走或者是",1
感受着心里很情动就觉得有时就不哼声了玩一玩不不不在真潮了,1
就是对小孩吧有一次小孩小66岁的时候自己恐惧不做情绪小孩把一个表达大大睡了打得了自己一时趁热是也不止完全是小孩大睡是看到小孩玩把他杀睡了杀睡以后自己又把小孩打了一段皮肤比方打了一段小孩也记得这件事后面我是最后悔的这不开心那件事情,1
人家的生活是自己信心的这种信心是一种莫名其妙的工作压力上的像是也没有上发展什么大的一个变化但是自己这个情绪遭遭乱乱的脑子里一边空白的时候就感觉这种工作压力大又感觉又走不出来这种情况感觉就就就,1
"至少,雖然能徒律使通誇,感觉自己一聊,白聊,对自己没有信心的时候,所以这种自私的表现,自己自杀了,自己求了一世的通誇。但是,给身边的人有自己的家人,陪我孩子,带来无穷的通苦,无尽的通苦。但哈拉家人,哈拉家人的孩子,这种习,是是是。",1
"百封和太阳有一次,百封和太阳经常争论,随比较有本事。他们正好看到有个穿着大衣的人走过,他们就说,随可以让那个人脱掉那件大衣,就说随比较有本事,以是百封开始拼命地催。这支他催的夜厉害那个人就业势用大衣包紧至今,最后百封没办法,就放弃了。接着太阳出了塞了一会儿,那个人就感觉编得很热,立刻把大衣脱掉了,以是百封之后认输了。",1
不妨宝贝智在纵奖吉号灰红高手美好优势团言,1
贞中中央因为种知格己中间中部中军各国各项,1
"死心嗓氣,不醒,抓狂,好哭,暴上,種創,意欲,邪惡,因惡。",1
"欢唱,结家,狂喜,迷恋,哭二,钟情,何喜,金,超爽,甜蜜。",1
"再子, 霍物, 三寨, 最早, 宗教, 鼠音, 容如, 商品, 提字, 彈琦",1
"心脆心脆,强奸,燕漢,座艦苦痛,七茶,截望,悠愁,痛漢崩潰。",1
这张图是一种欢快心情舒惨对这个非常高兴的一张人物的表情你看他眼睛消了迷惨一条风消了这个牙齿 解释了牙齿 两个牙齿也消开了九屋也露出来了表面这个心情非常好是心情非常一块这种清清阳光的一个人物表情快乐 参加了一个人物表情该表情出现的原因是这个人图中的这个人物正处在一种非常高兴非常一块的一种可能一层高兴非常一块的这个过程和事情当中这种状况当中没有说完畢,1
这张图是一种这张图是一种专门的一个图形它眼睛里有高兴的情况但又不是太高兴最成功的晚上在一种拆等待暗戏等待期待的一种表情图中人物表现的眼睛是对方给它说了一些啥情况它等待着这种情况的原因和发生的发生的事起等着接下来的答案是这么一种表情,1
此图表现的是一个人既度极少捷望无助痛苦的这么一种表情你看它整个脸阴晨的有一种戴着苦腔甚至苦出了那种表情最已经烈开眼睛也整个一库五类的那种那种表情说明这个人遗到了一个极不一块或者是非常甚至很捷望很无助的一种境地和遗到的这种这么一些事情是表现的这么一个表情秒数完毕,1
"徒中,而我個人的意見是這麼一種情節。這是一個夫妻兩個。夫妻兩個在博士裡的丈夫在博士裡是有病,或者是喝醉了,喝醉了不幸人事了這種情況。而妻子是痛苦一生,嚴密地哭泣,跑出博士的蠻外來。也是親情達到了比較悲慘和糟糕,甚至比較結婚的這種境地,比較痛苦、悲傷的這種情況。這個情境也可能就是丈夫,可能是有病,或者是發生了一些結晉的這種情況,那妻子也會情況,應該是這樣發生的。這個人物,妻子就想到怎麼會這麼悲慘的這種情況。結果,應該是有良農階級,一個是積極想辦法去治療,把這個丈夫的病人治好,還有一種是悲痛的一種悲慘的方式,就是這種病人沒辦法去治癒了,所以悲痛一覺,這種會這麼長的一種結局,會消程下起。但是我更希望的是第一種結局,就是病悔自已,而是一種洗劇的形式,來出現。回到完畢。",1
那平时是几闻开行为旨吗大家在十四时这把副文狗 Understand到复 sla,1
 Takah ah is my agent,1
搞现在的事就是把儿子只叫一个课程大事但是本事还蛮出来的你可能接课程你把儿子说实在是很兴趣这就是个课程那时候他如意超各少的小大事儿子很兴趣很兴趣只是你的前面的一些事但是我得抓不起一些人也抓的病马太生甚至得不重新只给这人给这人的肥头痛苦这儿子是有只要是有那大的遮持之事那是病马太生那毕竟是都害买日子最后就是日年都害买了伺服法失略不正我已经打错了我终于了叫金二笔借财者给借财者借财但是其实病情不接所以这个很重要我们所以我一月什么神论进一段落还得顺着这点烤风,1
於是經歷了 Callpad著服服氣 對啦這件車子 獨立起來但是這次不可能能寫給我們那次我們如何 當時 你可能天天默怯 當地人才上口政府很難再做一代,1
 whereas tornạt hàng facilities' str Το psychoan c 학istsethi cl otro. động zw different,1
就被怕厚要做就要做这个这些我还是咄咄的是我请回家完成了,1
,1
"对于我们的生存和爱与营养,超生存和爱与营养。营养还是对乐东,营养还是挺大的。",1
 蓋起來 沒有沒有沒有 由時間脈曾經11內酛內糊,1
" 본 êtgo bman ra graveÙm bersang ho lag müiy yiontkk nse nutrition yi s 있으면อ bá wre coure poder be Am Told amazed d until , gaha for c ad dé從新的時期來,大概不可可",1
"哎呀,最後一句,神刺,人老實實感應者不問,滿一笨錢,這個人不開人不反,最近家族人,也因為,滿一這個,這回,這回去,所有人都能力,發了一個不動畫嘛,車子,大工,把這,這,別的中文之外去,講它都讓普通知 mas",1
我看新歌是个微笑的新歌原先新歌微笑现在这种人的他们新歌你得微笑很热热只是他拉了他只是第一马台上台上但很 evasive巴士嘉宾我说未来 Must一直要��ays,1
我會進的稍縛它,1
"以後,以後晚上睡不來就的時候省華亞的檔,小的溫子在躲嘛前菜的火火滅滅嘛說魚肉下魚鏽,金肉卡著字字,則點如眠嘛",1
既然話差不多稍微拿了,1
這個不 fever這個問題 hshiatintdokubii喜歡文不ere就好不ere鵲子隨便永焗也不要哈哈哈就好不ere就好不ere還有,1
"他跟着他一样,生日来不重新,并不太生日,而是这通过,一不消化下去,这消化意思。那会我喝出消息,让他进到别的发生。",1
何事不惨我的化妝真正漫午,1
"比如吃比奉和太陽有日詞,東風和太陽正在增弄隨之,隨之叫與本斯。他們正好開到一個拆著大日的人則過,他們就算隨可日讓哪個人拖掉哪些大日計算,隨之叫與本斯日詞。北奉開始品祕者吹,整治他吹的原熱海南港人劑,熱視用大日報警指示最後北奉沒辦法,就放起了在這段太陽出來塞了日回而,南港人改著變得很熱,那可把大日拖掉了,日式北奉只好認輸了。",1
"不凡宝贝自在中央直好,灰红搞手的美好,余胜,怀愿。",1
"正中中謠因譽,總之,格子,總解,中部,總解,格國,格項。",1
"死心少刺不刑抓狂,何苦破伤,重床日日舍了音。",1
欢迎赵家狂死脖脸 苦爱中情 喝死精英 头爽天润。,1
"在此,化瓦山在最早宗教父母,容如少平辞自台辞。",1
"心碎强劫悅恨抓劫苦痛,食材转往一个尺痛恨本课。",1
这个人可能是对了我看那孩子我看那孩子的事情,1
但未来的女孩是有点很甜的他和家就对了什么事实很开心的样子他就对了狗心心的事情大概几十万不中可能是对了很前面的朋友一来吧班长毕续江南哪 我熟悉等等和小军只有一句名字而且也是近一会感觉对方的事实有点比较无 it,1
 אתrapin אתכת' Meine קוצ clinical this racial קצת את existem את הטיג,1
"这个坏精英和销图中的写识的情境男人男人省碧了嘛男人省碧了然后回答是到府不用辞职了辞职者得很少行要到府和销某者人子的那种给者辞职者地和销到府被派了他嘛,吃饥了他而到府让我辞职的样子这只和销到府到府不用辞职了要和辞职最终可以的很怕",1
 söyleton,1
我养了一只狗心事就在家待着,1
这件就一件事我狗丢了然后他自己回来了,1
旅游我就想去西藏人少的地方西藏人少我不喜欢人多的地方我觉得太乱了我觉得烦西藏感觉神秘一点,1
我妈给我买了一部手机挺高兴的,1
对面好的回忆那是今年前我后对象我去他家他让我带着饭然后我一开门他就把我抱着亲了一下,1
一般就心情不好,1
以前也没什么太大的区别就是体重渐轻了没有太大的影响,1
我懒著做一個人做我一個人做不和家人的一塊做很少交流,1
他叫他叫正英他从从事的是服装销售工作太为人也比较低降那么好我们两个应该说是就是相见很远的那种感觉,1
还没想好,1
咋比一个我心格我这人比较孤瘦有缺点但是输不出来,1
生机时的感受总Oh you can't stop it然后我们那互相都没有说话我也比较郁闷不知道怎么解决,1
想一些就好像睡不着睡不着我想有时候会想到一些不愉快的事,1
都感受是玉门不说话,1
就是和对象错误不太好,1
我也不知道是不是好有事就是莫名其妙的也没什么做的就那一句话也不说,1
吃饭菜开好伸手,1
"北分和太陽,有一次北分和太陽正在爭論,水比較有本事。他們正好看到有個穿著大衣的人走過,他們就說,水可以讓那個人脫掉那件大衣,就算水比較有本事,於是北分開始拼命的摧,怎知他摧的越厲害,那個人就越是用大衣,抱緊自己,之後北分沒辦法,就放棄了。接著太陽出來晒了一會,那個人感覺變得很熱,立刻把大衣脫掉了,於是北分只好認輸了。",1
"不分,寶貝自在,重甲,即好,灰紅,高手,美好,優勝,團圓",1
"正中中央,因为总之各界,中间中部,中间各国各项。",1
死心上去不信抓狂好哭暴散中创一语邪恶音乐,1
"翻唱,絕加狂喜,迷戀,庫爱,中情,何喜,精英,超爽甜蜜。",1
"戴子,霍物,山寨,最早,宗教,树音,容如,商品,提字,彈起",1
"心碎,强奸,愿恨,作奸,苦痛,七残,绝望,悠头痛恨,崩潰。",1
微笑從中的原因是他的心情不錯,1
這種人很平靜原因是看到了看到了一些什么,1
那么原始上心头中融入出现这表情是他想到了一些难过的事,1
这是这是一个情景师这些个亲人确释的情景这个情景师这位女性的亲人确释了这位女性不愿意面对这一切等之后的结局结局是他只是想离开这个房间不用看到这些但是是是是是是是他的亲确实是,1
之前也比较喜欢二总义性的那种还是觉得之前还挺快乐的喜欢玩伤,1
我觉得之前还现在不一样说现在还说之前之前就是四晚和朋友们就唱唱歌然后打打球之类的然后现在就不喜欢特别热闹就就进进的就觉得烧了天之类的律星一下之类,1
最静修两个月之前吧就知道参加一些活动还挺够心的,1
想去旅遊的話就想去不喜歡特別繁華那種炒腦的地方就像那種山水的地方吧計畫計畫的時候就願意讓人出去吧一切,1
最后的礼物就是现在还记着的就是小时候就小学吧好朋友送的一个生日的时候在小学小学的时候是自己做的一个有花生的那种花生的壳子帮到一起然后下个生日快乐当时的时候就小的时候就啥啥的就觉得挺开心的我们现在想起来挺感动的,1
最美好的回忆也是和自己的一个闺蜜吧就那边说上初中然后一起蓝牙一起学习一说干坏事就觉得各种特别自由,1
不太穩定有啥都沒興趣,1
那一双方就是最新要传统起其他爱心吧有感情的效率,1
 Wellington Он вз erzählt,1
我和朋友企铛都在上学然后也为工作请唱歌啊打球这里都说,1
"越来三年,越来三年还在上学当中,所以是上学吧还是",1
我需要自己还是必须要有秀的版之前名神兵之前觉得人机关系上的处理的也都比较好然后缺点就是可能有的时候做事慢一点然后就是有的时候还是干啥事都缺点就是该硬的时候自己不够那么强硬吧觉得有的时候太多人似那种,1
我一直从来没和别人冲突就是就两个月之前吧就觉得别人就是有什么我就自己特别不舒服然后就一直别老心里那种然后也不会正面冲,1
之前身体还好的时候睡不着就停电音乐看看就是刷一下微博吃力的现在睡不着看睡还是就啥都不想干,1
就觉得自己听上心听难过的哭一整把修自己小小动到脚落就哭一回来就那种在妹妹,1
很糟糕的情意就是就觉得之前还是挺自信的做什么事情都挺好就说到一年小小的挫折吧然后就觉得什么就稍微有点觉得不太好的手就觉得挺无错的白干的然后就这就散去走高了吧,1
希望就是覺得人情挺冷漠的挺冷淡的就覺得沒有一點點溫暖的時候就覺得挺是忘的具體也就是自己悄悄的什麼都不說了吧,1
自杀之前就觉得真的不能理解是怎么能想到那样的但是看来是自杀的话已经精神呀各方面呼吸已经特别不能承受的时候我也想才能自杀,1
"有一次北风和太阳正在争论谁比较有本事,他们正好看到有个穿着大衣的人走过,他们就说谁可以让那个人拖掉那件大衣,就算谁比较有本事,于是北风开始拼命地吹,怎知他吹得越厉害,那个人去务院使用大衣包紧自己,最后北风没办法就放弃了,接着大衣,太阳处杀了一会儿,那个人感觉变得很热,立刻把大衣拖掉了,于是北风只好认输了。",1
不凡宝贝自在中将几号回红高手美好优势团员,1
"正中中央,因为宗知客气,中间中不坚诚各光相。",1
"四星三星不幸扎狂,好哭,包散中床,予于邪恶,因显,因恶。",1
"环城絕佳狂喜,你連苦愛中情,何喜今寧,超爽甜蜜。",1
"摘子火物山摘最早,从脚属因融入商品体子弹器。",1
"心碎強劫怨痕,所剪苦痛,其殘血望優仇,痛恨奔饋。",1
表情是比較開心的可能是有一種好得到什麼東西啊什麼脂力的啊重新過去希望那種感覺吧,1
他表情酸正常吧出现感种表情的原因是也是对某些东西可能少少有点失望的表情吗,1
这个人的表情挺尴尬挺真宁的又不是恐惧又不是害怕一种特别真宁举行不知道怎么表述的表情,1
好土中是一个年轻的妇女看到自己的丈夫生病了妈怎么回事我床不起的时候就觉得自己很长心和难过她可能或者是续续之力的是这样发生的吧土中的人物可能在想难道可能是多么不负责任吧自己可能又是深爱这个难道然后自己很伤心结许的话或许她会自己独自搜丢或许她会负质这个人振作起来吧,1
一般都在看新闻那些很具不太看那上面的东西才最真实嘛,1
平时的话就是一般都在逛街吧,1
" 혹시 뭐지, 무슨일소리야?met borders 밤 9월",1
"嗯,别说主持人的窝窗汤界我不太喜欢那些人文,那个人文警官",1
好像沒怎麼輸到,1
看过最活的能想起来就是我跟我喜欢的男的一切出去玩了而且他人还挺好的,1
这些游戏有点低了基本上没有线下也有一些纸都这样,1
这件就是有点胃不好现在如果说学习的话很偷偷睡觉都不过都睡着好着呢,1
工作的话还是那个最后不要重起来或者在犯罪上好他呢到晚上的时候其他人在桌子画面做着上来就可以了,1
不知后我那个小男男生他他就性格的话跟我比较少也是天安静的那一副他爱活的话挺多的比较喜欢大雨某球还去进行出去旅游现在学的是生物选,1
其实没上胡计划的就是拿上毕业证据可以了,1
有些有些点吗缺点就是不太喜欢的礼人有点玩就是看大技能的听话的,1
一般的话我肯定会先给他商量一下让他先睡啊他的香发然后我再说一下我的香发然后再综合一下看看有没有更好的或者去找第三方,1
是不是说的话我一般都团在想东西上呢,1
"我一般都先上回屁,才去冷酷了一下让自己前需要那个啥,好起来,然后我就在他们里面",1
比如说口试吃到20里的放回去还崩溃多少后来的口试口网都还没啥,1
"嗯,斗目前面仲仅没有"",不过,快决定的话一巴百波就是快死啊才能",1
有个人可能是被有些人自杀可能就是哭分情况有个人就因为一件事情说打击说自己一时受不了就想起自杀有多好还是去年也就还好几天一直没有碰到什么本来就起那个前些就不大好后来又碰到什么自己的事我自杀了,1
"北风和太阳,有一次北风和太阳正在争论谁比较有本事。他们正好看到有一个穿大衣的人做过,他们就说,谁可以让那个人拖掉,那将大衣就算谁比较有本事。于是北风开始拼命地吹,怎知他吹得越厉害,那个人就越用大衣包紧自己,最后北风没办法就放弃了。接着太阳出来晒了一会,那感觉很厉害就把大衣拖掉了,于是北风之后认出了。",1
不凡宝贝自在中奖集好徽鸿高手美好优胜团圆,1
"正中中央,因为总之各级,中间,中部,中间,各国,各项。",1
死心喪气不信 发狂 豪哭 暴伤 重创 意寓 邪恶 因 物,1
翻唱 絕加 狂喜 迷戀 户愛中琴 賀喜 金衣 超爽 甜蜜,1
债子霍物山债最早宗教树醫榮如商品其自談起,1
"新歲強姦願恨作戒苦痛,契殘絕望優酬痛恨崩潰。",1
"这个人正在笑,他出现这种表现的原因,可能是他中的不拜饭",1
"这个人没有表情,可能是人生在想什么或者发呆",1
"那可能正在哭,估计是还出现这种表情的原因,可能是家里有人过世了",1
那个女人在哭泣可能这因为她发现自己的老公跟别的女人在闯上然后这个女人可能心里很崩溃最后她们的结果很好的是夫妻离花,1
军事内的这是喜好吗,1
就是喜欢跑步呀打羽毛球呀这线,1
高兴的事就是娃魯不可就是有病下的遮瑕事好了吗,1
想去黑边看看想去西江这边看看沙漠,1
我的理由就是这是得讲的吗这该是非常高兴,1
这没合回击这生就想适合小孩子人一起玩笑啊就是过家家了,1
"这些情绪10号是非的,不闻定影响来的就是很小就是啥事情就白眼做的",1
"身体上现在好准了,工作这些都可以深圳,就是睡不着,没客睡",1
和椒也相吃的和鲜饼这是写了给它打打电话轰烫或者没有家里或者没有,1
这就是同学吧小伙伴一起的军场里上班的这平时一打一打到我,1
未来三年的生化就是先挣钱钱挣的这时候这些钱这些钱这些钱,1
这个就是我们终于点了喜欢头大石是干事缺点就是都喜欢很都喜欢很都喜欢很这一切这一切这一切这一切这一切这一切这一切这一切这一切这一切这一切这一切这一切,1
这是卖卖歌筒,1
就是想再改可以睡到睡觉就是睡不着,1
改示了就是就是有点生气过一下就好了,1
认真是不用切 apart,1
就是一个时候这个工作不顺利的时候就改代讲今晚的时候就认真想一下这个工作不顺利的时候就改代讲了今晚的时候就认真想一下,1
我认为自杀是对生活完全是切信心是一种期待期待性败,1
"北分河太阳,有一次,北分河太阳正在争论谁比较有本事。他们正好看得与各插着大一的人足够,他们就说,谁可以让那个人扯掉辣价大一,就算谁比较有本事。于是北分开始拼命的吹。怎知他吹的越厉害,那个人就越用大一保谨自己,最后北分没有办法,就放弃了。接着,太阳出了睡了一会儿,那个人感觉变得很热。立刻把大一托掉了,于是北分只好认输了。",1
不凡 宝贝 自在 重强 邪好灰红 高手 美好 优胜 团员,1
"正中中央,因为总之各集中间中部,中间各国各项。",1
"死心散氣,不幸,抓狂,好哭,爆散,重唱,一御,邪恶,音恶。",1
患痛 絕加狂喜 迷念 酷餓 中情 涵洗 精英 超爽 甜蜜,1
"这次,华物山这,最高,宗教,数英,容如,商品,提字,台齐。",1
"心碎,强劫,愈恨,作战,苦痛,七彩,绝望,优徒,痛恨,崩潰。",1
"它练着这一,这绣和和的绣微微的好像好像见到老朋友了一样",1
他良言正是这和现在看着什么事情或者什么人这思考什么,1
"他好像不开心了,在那里在哭好像是遇到不开心的事了还是被家里人骂了都没远回来",1
"特朗普是一个女的站在门口,用手伏着捏,低着头,好像很渣望他好像被无尽的人赶车连没地方去特朗普像是被严望的哭得很累黑他姐姐也不好说",1
爱情呢再那么,1
就是看点是吗没事吧平时我一般不上班真的讲,1
他好像就是900,1
哼 哇我就覺得它也變是C例我沒有有人,1
"最好那里屋,最好那里屋就是或是女爱书王的东西,还高兴吗?",1
就是我们一家人出去旅游的时候去什么精海湖到时候开心,1
听一听我嗯 做事情比我慢,1
不用だ Mayor,1
じゃあ...、特急Go Gol verschiedene,1
也成一位朋友就要去姓名吗他的爱好是玩游戏还有人吗如果经历这么大我也不知道怎么讲还是先做快几,1
我只要把孩子乖好就行了,1
我是一个多绿的人优处的人确实就是喜欢老豆有点就是稀信一点,1
"怕是飛起的時候,把你飛進的時候,我心情不好,來吧,脾氣",1
我會開始,1
嗯我都有生命气这又和别人说说呗,1
"早晚了,认为这是我情绪不好的时候,所以在这个好",1
我在想得多的时候我真睡觉,1
至少能是继续过头劲放不开实在是无聊了才会有哪种感觉别等压抑,1
"北分和太阳,有一次北分和太阳正在争论水比较有本事,他们正好看到有个穿着大衣的人祖国,他们就说水可以让哪个人,拖掉哪件大衣。就算水比较有本事,于是,北分开始拼命地吹,在知他吹得越厉害,哪个人就越是用大衣保际自己。最后,北分没有办法就放弃了。接着太阳出来了,塞了一会,大个人感觉变得很热,立刻把大衣拖掉了,于是北分之后,认输了。",1
不凡宝贝自在众奖其好徽皇高手美好優勝團員,1
正中中央因为种资各区中间中部中间各国各项,1
"四斤散气不幸抓狂豪苦,报散,重创一御邪恶一御恶。",1
"环场,绝将狂喜,彼联库爱,中情,贺喜,精英,朝爽前秘。",1
"在此霍無山在,對走中腳,樹音,如著傷心其子。",1
"西水強烦怨恨热件,苦痛七彩旧望,又丑痛害奔贵。",1
醒悅遇到開心的事吧,1
行径心里很平淡没有什么事吧现在这平静,1
又从遇到烦心的事,1
超架了吧遇到不开心的事在想是什么原因结局是对结局是暴力,1
我現在沒來看的,1
以前喜欢的现在都不喜欢以前会比较喜欢鞋子鞋就花花什么的然后跑步现在全部喜欢,1
 Meo,1
没有计划以前有想去的地方现在就是拿的不想去就是感觉家里面人家挺担心自己的然后就回来一趟待的时间也不多就是想拿的不去了,1
最好的礼物是采签一盒就是很开心因为一直很缺就是没有买了那么买就在那边就上大学那边然后朋友送的摄油送的,1
忘了真的沒了真的忘了,1
就低落呀什么事情都做不成浪费时间,1
感覺自己沒有力氣就發得很有,1
"嗯,我感觉嗯,家人就是对我都特别好然后,总感觉自己有点对不起他们就是,感觉自己没什么本事吧和家人沟通以前很少总是用自己的方式很表面感觉没有心理上跟他们好好交流",1
就是性格很开老吧很自信然后活力也挺活力蛮满的学生,1
 Mって迫 toi.,1
很糟糕现在觉得自己拿哪儿都不行以前的优点感觉现在穿没了现在穿着缺点,1
以前可能一直会觉得自己是对的然后就是比较酱吧很少进下来挺别人酱,1
你就躺着什么也不想又若会头疼,1
我和家人很少有不愉快的有的话感觉现在会以前不太一样以前可能会不理现在可能会试着去理解,1
就是他一常念爱然后认识了自己然后就知道了自己的弱点然后感觉就是还有就是朋友吗有一个知心的朋友因为我感觉就是他算是我最知心的朋友了然后说了一些话有点伤害到我自己了,1
不管自己继续绝望,1
我觉得生意还是很重要的活着就是一种幸运很多时候可能都是其实很多时候都是自己给自己找的通口所以我不会再查的,1
北芬和太阳有一次北芬和太阳正在争论谁比较有本事他们正好看到有个穿着大衣的人走过他们就说谁可以让那个人脱掉大那件大衣就算谁比较有本事于是北芬开始拼命地吹怎知他吹的越烈海那个人就是越用大衣包紧自己最后北芬没办法就放弃了接着太阳出来晒了一会儿那个人感觉变得很热立刻把大衣脱掉了于是北芬只好认输了,1
不凡 宝贝 自在 重疆 吉好 灰红 高手 美好 优胜 团圆,1
"正中中央,因为总之,各集中间,中部,中间,各国,各项。",1
"死心,喪气,不信,抓狂,好哭,报三,重创,义与,邪恶,英恶。",1
"欢唱,绝家,狂喜,迷恋,库爱,中情,贺喜,金衣,超爽 甜蜜,",1
"寨子,霍物,山寨,最早,宗教,樹衣,容如,商品,提字,彈劫。",1
"心碎,强疆,怨恨,作奸,苦痛,七草,绝望,优仇,痛恨,崩溃",1
感觉好像不是真正的开心还是不知道原因,1
喝别人问好的时候,1
很痛苦一个原因猜不出来,1
男子男子应该是喝醉了可能发生了一些什么事情然后他的妻子看到这个状况默默伤心还是描述不出来脑袋里没有东西,1
онов用語,1
 זה שבחו מי שותת את שבחו שכי שצאו מה באמת הכו,1
现在笑还该怎么死还可以家特殊,1
" Gee, we've touched",1
cription DOMES Nee rolled en en,1
我以为是我以为是我以为是最近的游戏一些人的游戏比如说呢发生什么事你看到了现在感觉到感受什么呢这种不许感,1
 Перешья Millerhen.,1
 Fais-t-il encore un peu ch passar ? Elle était dès la manoîture literally.,1
 אתה ורסם שתהיה חודק את החמת בחרוח,1
大家喝口产室��足態辛苦出去不是我說要喝肉,1
" был Stockman пишите Подп thickenение, besoin всего가 очень composting Прош completamente и очень удобно Я помню на две journeys Инфон 가격 évб 싣 mana Калинито Что такое 피부ooooooo Р caloriesiro confuse Ча Extension",1
就自己先,1
 اسی يب Astax منحان问 تلم تهت است معاصخ,1
 Anyone's sleep is the real件,1
 Je fais une hidrép à faim Şu tutti Fentre n buoyons une façon,1
 Whatap? What? What? What?,1
 avec coté fasse fera voir,1
入れです。,1
 si la chez qui l'on a refait que tu vies des heu le tout pas et à faire une seule fois,1
" פופי, פופי, צצי, תונג'ה, צחו, וייחו, גוש ומי חו, יושם פחוי",1
"中中央,中中央,中中央,中中央,中央,中央,中央。各国歌颁。",1
 Recentehymin personnes s' differente par burnt Sanspontera Il inspire,1
它的黑章芝ola waking up天降蒞烧,1
整切我用 Из小火今天我休息睡 offsetit我吃个大料愤怒完凉1完觉这么反 ratchet,1
先睡 唱幾月份刷幾塊頭 吃菜燒啊 油脫 脫痕悲痕愧,1
要到郭先生去试要到郭先生去试很幸特别差跪,1
" A l'יטrant de la seconde�� carbs ou sur une rosette, 6 dingen les šiqučes.",1
pliky a jest Ministry related to cou Protez,1
我怕不再生病吃自子吃自子再悲痛要不然可以吃自子怕不可以吃病重量吃自子悲痛所以我又是一個很誇張,1
就是那个我相累的吧嗯 就是逻辑比较强一点然后有那个故事性而且是比较自己比较喜欢的那个演员,0
嗯...既然也沒多少的話就那個...搭羽毛球然後...泡泡布就沒有了既然就是在那個...皮質也沒什麼打敗,0
嗯 我姐要戒轰吗,0
我的旅游计划我是要想去不出国的话然后就在审内然后先从先把北方那边就是草原然后完了之后就是去南方与鱼南那边因为一个相隔离啦然后如果出国的话就是先去看那个大本中马上看那个鞋塔,0
"一个那个过身的时候,然后一个那样的寻,寻,寻,这个不啊,那个寻,就是挺激动的吧,意外职系,然后因为没想到会说到那个礼物,然后就只能说到那个礼物",0
也就是在最后就是零毕业的时候然后一块出去分框玩的那段时间就那个然后去那边玩啊然后拍照啊然后特别分框穿那个什么轰扎照就是那些那个就相当于是大肆毕业的那个一个月吧然后玩的比较害的就那个那次和宿舍人,0
最近情趣挺好的心情一好把做什么事都有进入了吗然后而且要有心情去做好多事情如果心情差一点的话估计就好多事情都做起来没进,0
"身体状况挺好,没身病,没感冒这个就是人的精神号,就这样子如果生命感冒的话,它毕竟有影响的,对这些血血啊",0
加上相處挺合企的我基本上每個星期都會和加人聊天就打電話聊天或者是視頻接近面我覺得和加人還是消護就是連續的多一點然後這樣會覺得更加好一點,0
"嗯,现在最尽的这个话就是我们宿舍这个女孩李慧源,和我是一个实验室的她的那个性格比我稍微温柔一点,人家像是女孩,我就像一个女汉子一样的然后人家学习也特别认真,就是那种怎么说呢,沉温而且那个比较大度获大一点的那个思想比较开的那个看什么事情嘛,都比较看的就是全面一点有时候不会像我一样,有时候会专一点牛咬尖杀的",0
未来三年第一年就主要是了解了解我现在在研究吗就是先了解一下我们这个实验室具体是做什么然后自己要着手开始看一年东西然后之后的话应该就是做一些比较老导师节了项目之后自己就要参与进去写一些东西然后最后的话就是自己要有能力的一点提升然后自己要找到一个比较好的以后的工作吧就像男鱼,0
我 行下自己这个我觉得一般会比较难一点我的呢 首先吧 哈就是说我的性格就是 怎么说呢 和那个熟人的话就感觉像外向的但是和那个陌生人的话感觉就像内向然后自己就把看那些东西性格还是和那些朋友什么的还是很聊的来的但是有时候就是怎么说比如说有压力的时候有时候还是想自己一个人去静静然后过就是静下来之后然后才会去找别人谈就是这种性格感觉需要变一面这样比较好一点,0
跟他发生分歧吧我觉得应该是关系不是很好的然后关系好的话一般不会发生分歧而且发生分歧之后首先呢我先看一下到底是谁的不对吗然后我一般不会喜欢超然后我就是安安金的做呢不说话然后想想想想完之后大家再交谈然后就会好一点,0
睡不着觉的时候我一般睡觉整样比较好睡不着的话应该就是听听歌然后慢慢就催眠然后就睡着了想的话也估计也就是想想明天我干什么吧就这个,0
发生不愉快的话自己不要伤心一点但是之后就会跟他们在说嘛家里别人多跟他们交谈一下然后慢慢就解决这个问题但是自己会不要伤心,0
很糟糕的经历就那有一次然后他们要做一个那个演讲然后过去了嘛然后去了之后然后才知道他们需要我上台然后用那个音语去交流吗结果用音语去讲然后我就之前没有做好总的没他没告诉我我也是音语还是中文然后直接上去让音语然后音语比较差一点然后上去之后就只有说了几句话然后我又中文说下来的,0
绝望这个还没有感到过绝望如果让我设想的话应该是比如说家里边人也不体量我然后朋友也不体量我就会一个人的时候面对事情的时候这个也没出现过这种情况看到绝望的时候找先找人说吧找人先聊跳聊一聊过去可以过去了吧,0
自杀你就好愚蠢耶因为一般情况自杀都是自己心里面跟自己过不去嘛你就要看待什么问题你自己要放宽心然后去看然后看到他的好要看到他的坏这样的话你就应该不会出现那种思想的那个死角怎么可能会自杀所以那些自杀的一般都是会为比如说压力特别大然后会被逼到也许就是他有时候找不到那个朋友去宣泄吧最好如果找我的朋友的话就给你的家人去宣泄他们就相当于那个怎么来说呢他们就会无条件的去接受你们那个宣泄嘛所以我觉得自杀有点肯定要避免这样子的大家思想就说要放开一点没有什么事情可以逼到自己走那一步,0
"北芬和太陽,有一次北芬和太陽正在蒸用誰有本事,誰比較有本事。他們正好看到有一個穿著大衣的人走過,他們就說,誰可以讓那個人拖掉那間大衣,就算誰有本事。於是,北芬開始拼命地吹,怎知他吹得越厲害,那個人越是用大衣包頂自己。最後,北芬沒有辦法,就放棄了。接著,太陽出來晒了一會兒,那個人感覺變得很熱,立刻把大衣拖掉了,於是,北芬只好認輸了。",0
不凡宝贝自在中奖 吉好灰红 高手 美好优势 团员,0
"正中中央,因为总之,各集中间中部,中间各国各项。",0
死心喪气不幸抓狂好哭暴撒重创一御邪恶因物,0
"欢唱绝家狂喜,迷恋,库爱,中情,贺喜,金衣,超爽,甜蜜。",0
"债子,货物,山寨,罪早,宗教,树音,容如,商品,体字,坦起",0
"心碎,强奸,愿恨,坐肩,苦痛,七彩,绝望,优仇,痛恨,崩溃",0
这张图应该是他比较开心的时候然后他出现表情的原因应该是看到什么高兴的事情,0
这个人的表情看着比较旦然应该是正常情况吧或者是看到什么比较严肃业的事情表现出来那种很平常的心态,0
"这个人的表情,他让去是这种是优于伤心的表情他出现这个表情的原因,应该是碰到了什么比较令他伤心的或者是举望的事情",0
这张图里首先可以看到有两个人然后闯上躺着一个然后这是门口站着一个然后看他们那个闯上躺的那个人好像是应该是睡就是在那一块然后门口站着的这个女的然后用左手舞着她的脸应该是看着表现出来那种伤心的那个情况然后这个情景应该是在那个医院把相当于应该是在那个医院然后闯上应该躺的是一个病人然后门口站着的应该是她的亲属或者妻子之类的然后图中的人物在想像那个女的肯定应该女的应该是在想就是不好的事情然后所以看着表伤心然后用那个左手舞着她的脸这个我设想的结局应该是这样子的就是闯病闯上的那个人应该是应该是已经那个什么失去然后这个她的亲属这个女的然后表伤心然后准备开门出去应该是这样子的,0
第一次喜欢看比较开心的电视剧比如是含剧日剧还有那些特别搞笑的一些电视然后看起来觉得很好玩时间也过得特别快,0
我的心愈爱好就是花漫花然后学日语还有谈钢琴在华尔这就学得过程中虽然有时候会有些挫折但是特别的就是能体现自己的价值也特别特别的开心平时都喜欢就是花花了花花的时候就感觉到也是对工作质疑的一种放松然后每天每次花完也特别特别的成就感与大家分享的时候大家交流的时候大家提了意见也对我很有帮助,0
就是我在日语课上老师表扬了我的那个听力是我听你的进步最近特别特别大然后我感觉收到了肯定然后心情也特别特别的好,0
如果有一个价值续率有的话如果有时间聪明的话我就想先沿路线去上海玩意圈然后从上海做飞机到日本如果金钱购用的话然后在日本了解当地的风俗文化还有之类之类的东西我觉得我学过日语就像去一次日本然后这是我非常期望的事情,0
我觉得我输道的最好的礼物的话就是在我六年级的时候说到了一家钢琴当时也是在意料之外的事情然后是父母买给我的然后当时就超级感动 超级开心觉得简直就是天下最幸福 最幸福的人了,0
最美好的回忆就是在我比如说有一件事比如说就是过生日的时候然后父母弟弟都坐在我坐之前然后被我唱的生日歌当时我觉得这就是非常珍贵非常非常美好的回忆,0
"最近情绪很平稳,然后比较开心这种情绪对我生活的影响就是每天生活的感觉是比较送礼,而且是比较开朗乐观的",0
"我觉得生体状况良好也是每天工作,生活一些最基本的保障生体状况良好的话,我们的生活和工作的话也会非常进行的,非常的胜利",0
和家人相处的情况是比较好的更加人我觉得需要更多的交流而且还需要一些换卫思考,0
我最好的朋友您自教张信心他毕业于这将工商大学是为女生然后他的性格特别的开朗然后喜欢想一些特别好玩的笑话给我听然后他现在在南州工商大学就读就这样,0
"我未来三年的话,我刚开始考虑的是,所以不再看一步现在对未来三年的规划基本上就是先学好专业知识然后再提高自己实践方面的技能然后再找工作的时候就有更多的把握一些",0
"我觉得自己是一个特别比较类想,但是却特别记得相上的人我的优点的话,就是比较负责任干事情比较认真,比较专注我的缺点的话,就是比较内向说话的时候,有时候不太善于表达自己",0
当我一朋友发生意见有一次发生新颜分期我觉得自己特别地想表达自己但是又表达不出来就觉得特别地有时候很委屈但是又想这样别人知道我自己的想法就觉得很不开心,0
当晚上睡不着觉的时候我会回忆今天所做的一些事情然后想想做一种什么对了拿接做对或者拿接做的不对这样的话我觉得反省一下的话因为对第二天就有点帮助吧然后慢慢就睡着了,0
"当家对家人发生不愉快的时候,我也办不为正面重图,但我觉得吧,不要换卫斯,狂战士心里还是特别特别的不高兴,为什么我的想法还不理解我,对我提出这么大的意见,觉得很伤心,很难过,而且还特别特别的委屈。",0
让我感觉很糟糕的经历就是有一次比如说在跟父母发生一些基本的问题比如说在哪工作毕业在哪工作啊或者就图拿出大学的时候父母就已经强烈要求啊就是你得怎么怎么样然后根本就没有考虑过我的事情当时有些特别特别的委屈然后心情也特别特别特别的糟糕,0
我感觉当我在我目前还没有感到据忘的时候但是我觉得当我在生命说到威胁的时候可能会感到据忘但是在据忘的时候我觉得一定会要发出反击然后就把据忘变为希望这样的话以信念来支撑的话一定会走出据忘这个因应的,0
我觉得自杀是一种很不负负责任的做法因为结束一个生命的话对周围的人都有很大的影响比如说你的父母你的朋友还有你的还有跟你关系很密切的人他们都会因此感到悲伤而且会反而且我觉得就是自杀是一种很不负负负责任的行为这是我的看法,0
"北芬和太陽,有一次北芬和太陽正在蒸露誰比較有本事,他們正好看到有個穿著大衣的人走過,他們就說,誰可以讓那個人拖掉那件大衣,就算誰比較有本事。於是,北芬開始批謎的吹,怎知他吹得越厲害,那個人就越是用大衣包緊自己,最後北芬沒有辦法就放棄了。見著,太陽出來晒了一會兒,那個人感覺變得很熱,立刻把大衣拖掉了,於是北芬只好認輸了。",0
不凡 宝贝 自在 众家 吉好 灰红 高手 美好 优胜 团员,0
"正中中央,因为总之,各集中间,中部中间各国,各项。",0
"死心,喪气,不信,抓狂,好哭,暴散,重创,一御,邪恶,音恶。",0
"欢唱,绝家,狂喜,迷恋,库爱,中情,贺喜,精英,超爽,甜蜜。",0
"战子,霍物,山寨,罪早,宗教,树音,容辱,商品,提字,堂记",0
"心碎,强奸,愿恨,坐剪,苦痛,七残,絕望,悠愁,痛恨,崩潰。",0
途中人物的表情充滿了喜悅希望還有一種收穫的快樂我覺得我猜途中人物出現該表情應該是在秋天收穫了然後特別特別地對著自己的收穫或者對著自己努力的成果露出一種郵裝的心銳的微笑然後特別特別地開心這是我對這幅圖片的理解,0
我觉得这个人的表情很理智我想他的猜测是他这会应该在思考一个问题并在考虑将对之后决策的决定而且我觉得他出现这个表情的原因应该是对某件事物比如说对某个人对某个发生的事情在做着自己的判断这应该就是这个人物出现这个比较思考的一个表情或者就是比较判断的一个表情的出现的原因,0
我觉得这个表情中人物这个人物的表情是非常委屈非常伤心而且非常非常的奥脑的一个表情我猜这个人物出现该表情的原因可能是因为自己的想法不被别人理解或者说遇到了特别比较大的一个措置而对生活出现一种抱怨的一个表情这是人物出现该表情的原因,0
徒中是一个情景这个情景是一个男子正在写着躺在床上而门外的女子正在哭泣着我猜想徒中的情景应该是晚晚上晚归然后最早在床上然后女的因为一些可能是生活中的事情而发生一些特别不好的情感然后在那里很无助很绝望的在哭泣徒中的女子应该在想是否应该在将这场红阴继续下去我觉得结果应该就是女子几乎应该会选择黎 storytelling,0
"看有脑洞一点的,或是比较带点烧脑的那种聚集吧,节奏快一点的",0
看看每一句看音句然后时当运动还有花花,0
自己进预刀的高兴事情要发酵血精了,0
看资金允许吧如果如果是在如果是金条件一般的话想跟朋友取一下耳兵如果做主准备的话想去当不计导,0
最好的靈魂想不起想不起来了这个问题,0
最美好的回忆比较多他不许跟家人跟家人在一起的时候还有跟家人出去旅游出去玩这种时候是比较开心的,0
前世正常正常一向就是沒有太大的情緒波動,0
健康睡眠正常 飲食正常工作上还需要进一步多一些动力,0
"嗯,关心很好嗯,有开心的事情,一起分享然后,如果困难,有困难的事情的话自己解决的,先自己解决然后,无从下手的可能会跟家人亲诉一下",0
嗯嗯我的发小然后新鞭女张扬扬然后她比我早一年考到难大她在自然环境学院然后我们一直从初中高中都是一个班关系很友好,0
"在实验室里面找到切入点,一个切入点能够进行深入研究,然后出论文顺利毕业,找工作",0
"性格比較積極,然後,帶人介務也比較核善。",0
可能会互相不离彩一段时间然后冷静下来之后做沟通,0
睡不着的话就甩微博或者是听你一些音乐,0
"嗯,如果发生比较大的矛盾会觉得他们跟我带钩太深然后我觉得对的事情他们不一定觉得对然后就是会有一种不备理解然后嗯,就是想法不备他们认同的那种不快感然后有的时候就懒得跟他们继续真论下去了觉得反正说了你们也不懂",0
糟糕的经历嗯 比较糟糕的话就是去年啊 毕业的那段时间然后考验也没怎么好好复习没靠好工作把他也找到很一般就觉得恨不愿意盾盾的就好像觉得一时无成这辈子都干不了什么的那种感觉但是后面调整过来就好了,0
我很少感到这里去可能只是对某些事情比较有失望或者是内容,0
反正我是不会自杀我觉得一种消息的认识很官吧当然也有一些是迫不得已被生活所迫但是我总而言之认为自杀事件比较失败的事件,0
"北风和太阳,有一次北风和太阳正在争论谁比较有本事。他们正好看到有个穿着大衣的人走过,他们就说,谁可以让那个人脱掉那件大衣,就算谁比较有本事。于是,北风开始拼命地吹,怎知他吹得越厉害,那个人就越是用大衣包紧自己。最后,北风没办法,就放弃了。接着,太阳出来晒了一会儿,那个人觉得变得很热,立刻把大衣脱掉了。于是,北风只好认输了。",0
"不凡宝贝自在重奖,吉好,灰红高手,美好,优势团员。",0
"正中中央,因为总之,个集中间,中部,中间各国各项。",0
死心喪气不幸抓狂好哭暴散重创一御邪恶因恶,0
欢迎来到《大学》的节目欢迎小伙伴们欢迎小伙伴们欢迎小伙伴们欢迎小伙伴们,0
"债子,货物,山债,最早,宗教,术英,容如,商品,提字,谈起。",0
"心碎,强奸,愿恨,作剑,苦痛,七慘,绝望,优仇,痛恨,崩溃",0
图片上的女人是一个正在环瘦的样子她就看到了比较开心的事情,0
画面中是一个表情正常的女士应该是心态比较平静吧没有遇到什么打起大波的事情,0
这是一张比较真宁的面孔突中人物心许是遇到了令他比较恐慌或者是悲痛的东西,0
徒中的场景是一个男人倒在床上门后有一位女士在痛哭可能是由于男士促死家中然后造成女主发现了这个令人悲痛的事件所以也面痛哭结局的话就安藏男人然后,0
很具 电影 后来五大片后来五大片是因为看见它特别有有阵量吧 比如说Gunstreet那些我觉得能能找得到团队精神啊 或者是正义感或者是安全感,0
新去爱好打球打类球打排球爱好还有开书最近在看粉丝我觉得都不错,0
高尽上上年就先以来遇到特别好的睡觉我们四个经常一起吃饭一起上学然后出的很愉快,0
"嗯,去,还是去云南之前也去过,然后觉得还是没有完够这一次我想和我的家人一块去嗯,我想和他们一起嗯,多我想,就是愉快的时光",0
我妈妈送了吧生日礼物具体就不透露了但是觉得挺难得的应该她比较就是在我生日的时候应该是我给她送礼物但是我觉得她很用心我妈妈是一个特别用心的人,0
大一的架期因为我爸妈一年没有见我然后我们架期出去玩然后路上一起经历了很多也比较坎坷因为自驾油然后就出现问题比较多然后再是反正有家人在身边就是挺安全的所以也算比较充实然后也比较油有今年价值吧,0
这些情绪比较正常很大多数处于比较积极的状态因为演艺嘛要做得比较多,0
挺健康的吃得好睡的好觉得也不错,0
嗯很好因为现在在意地所以多打电话吧然后我们平常会用微信然后发一些照片发电语明什么的,0
好闺蜜吧我的闺蜜现在已经工作了今年要结婚我和她是打籃球认识的初中认识到现在出来籃球我们俩还有共同的宗教信仰,0
和我的室友一起努力来年再拿奖劫金然后能在工作上我还是想回我的家乡毕竟是从那里出来的嗯 还得回去,0
"我觉得我还是一个比较积极的人比较活泼,比较阳光",0
現在冷靜交流一下反正盡量不要爭吵,0
舒心情很聽歌明白了,0
天亮是我先道歉嘛很少和家人发生不一块,0
糟糕就是高考学后吧因为高考的时候是饭比阳然后实力把酸水然后没有考上理想的大学,0
"絕望好像沒有,失望倒是有但是很快會調整青菜不會影響自己太久那種忽能量",0
自杀很不应该啊嗯我觉得就是来这个世界上不容易应该好好活下去,0
"北风和太阳,有一次,北风和太阳正在争论谁比较有本事。他们正好看到有个穿着大衣的人走过,他们就说,谁可以让那个人拖掉那件大衣,就算谁比较有本事。于是,北风开始拼命地吹。怎知,他吹得越厉害,那个人就越是用大衣包紧自己。最后,北风没办法,就放弃了。接着,太阳出来晒了一会儿,那个人感觉变得很热,立刻把大衣拖掉了。于是,北风时候认输了。",0
不凡宝贝自在重奖吉好 灰红 高手 美好优胜 团员,0
"正中中央,因为总之,各集,中间,中部,中间各国,各项。",0
"死心,喪气,不幸,抓狂,豪枯,暴桑,重创,义玉,协恶,英恶。",0
欢唱绝家狂喜弥恋 酷爱 中情 贺喜 精英 超爽 甜蜜,0
